Site	truth	ReDD
chr1-1663538	0.18	0.5714285714285714
chr1-1663567	0.35	0.21428571428571427
chr1-1663586	0.14	0.0
chr1-1663609	0.17	0.6923076923076923
chr1-1664100	0.05	0.16666666666666666
chr1-3812653	0.26	0.625
chr1-6222255	0.15	0.6666666666666666
chr1-6222264	0.27	0.0
chr1-6222301	0.07	0.6
chr1-6222323	0.15	0.35
chr1-6222341	0.13	0.21052631578947367
chr1-6223200	0.31	0.6
chr1-6223204	0.09	0.3333333333333333
chr1-6223232	0.05	0.6666666666666666
chr1-9101140	0.58	0.6
chr1-9101144	0.36	0.0
chr1-9271035	0.12	0.3333333333333333
chr1-9927378	0.13	0.23076923076923078
chr1-9927390	0.14	0.0
chr1-9927412	0.25	0.07692307692307693
chr1-9927422	0.13	0.23076923076923078
chr1-9927518	0.12	0.0
chr1-9927756	0.08	0.0
chr1-9927789	0.25	0.0
chr1-9927790	0.06	0.0
chr1-9927792	0.08	0.0
chr1-9927799	0.14	0.0
chr1-9927812	0.23	0.6666666666666666
chr1-9927878	0.09	0.2
chr1-9927893	0.29	0.0
chr1-9927894	0.42	0.0
chr1-9927902	0.11	0.0
chr1-9927907	0.25	0.0
chr1-9984079	0.47	0.5454545454545454
chr1-9984148	0.18	0.14285714285714285
chr1-9984151	0.2	0.35714285714285715
chr1-9984165	0.14	0.14285714285714285
chr1-9984177	0.23	0.8333333333333334
chr1-9984187	0.12	0.46153846153846156
chr1-10457219	0.19	0.15789473684210525
chr1-10457256	0.21	0.1111111111111111
chr1-10457428	0.1	0.0
chr1-10457470	0.52	0.4444444444444444
chr1-10457481	0.09	0.0
chr1-10457501	0.13	0.1111111111111111
chr1-10457510	0.15	0.375
chr1-10457566	0.21	1.0
chr1-10457578	0.1	0.25
chr1-10457602	0.09	0.625
chr1-10457634	0.09	0.2857142857142857
chr1-10460088	0.08	0.0
chr1-10460239	0.39	0.0
chr1-16563007	0.64	0.5517241379310345
chr1-16563071	0.27	0.0
chr1-16563144	0.35	0.0
chr1-16563147	0.52	0.09090909090909091
chr1-16563151	0.16	0.0
chr1-19215745	0.32	0.23076923076923078
chr1-19215756	0.62	0.6923076923076923
chr1-19215767	0.06	0.07692307692307693
chr1-19215807	0.05	0.5
chr1-19215907	0.06	0.0
chr1-19215921	0.18	0.07692307692307693
chr1-19215939	0.04	0.0
chr1-19215961	0.05	0.7692307692307693
chr1-19215962	0.09	0.8461538461538461
chr1-19215969	0.26	0.16666666666666666
chr1-19215970	0.09	0.0
chr1-19259025	0.09	0.06451612903225806
chr1-19259961	0.08	0.34782608695652173
chr1-19260007	0.42	0.48
chr1-19260026	0.1	0.2222222222222222
chr1-19260038	0.12	0.07407407407407407
chr1-19329136	0.11	0.9230769230769231
chr1-20651964	0.13	0.6307692307692307
chr1-21484384	0.13	0.0
chr1-26876340	0.18	0.38461538461538464
chr1-26876353	0.26	0.5384615384615384
chr1-26876354	0.14	0.6923076923076923
chr1-26876397	0.08	0.0
chr1-26876490	0.12	0.5714285714285714
chr1-26876491	0.18	0.42857142857142855
chr1-26876509	0.1	0.14285714285714285
chr1-28335065	0.63	0.2222222222222222
chr1-28335142	0.04	0.22727272727272727
chr1-28335145	0.21	0.36363636363636365
chr1-28335181	0.05	0.2727272727272727
chr1-28335561	0.13	0.0392156862745098
chr1-28335675	0.1	0.05357142857142857
chr1-28335688	0.51	0.7368421052631579
chr1-28335702	0.09	0.6724137931034483
chr1-28335742	0.32	0.24561403508771928
chr1-28335743	0.11	0.21428571428571427
chr1-28499248	0.7	0.6
chr1-28499253	0.07	0.2
chr1-28499265	0.1	0.5
chr1-28499275	0.12	0.16666666666666666
chr1-28499307	0.18	0.0
chr1-28499318	0.17	0.8333333333333334
chr1-28499519	0.37	0.3333333333333333
chr1-28499606	0.13	0.6
chr1-28499616	0.1	0.1
chr1-28499678	0.6	0.4166666666666667
chr1-32621211	0.23	0.5
chr1-32621275	0.21	0.0
chr1-35602148	0.12	0.1791044776119403
chr1-35602151	0.09	0.19402985074626866
chr1-35602183	0.3	0.234375
chr1-35602237	0.53	0.17543859649122806
chr1-35602324	0.39	0.5106382978723404
chr1-35602583	0.54	0.625
chr1-35602609	0.52	0.5
chr1-35602630	0.49	0.03225806451612903
chr1-35602674	0.11	0.08333333333333333
chr1-35602675	0.18	0.13043478260869565
chr1-35602680	0.21	0.2
chr1-35602724	0.25	0.72
chr1-35602768	0.19	0.7083333333333334
chr1-35602769	0.4	0.7391304347826086
chr1-37860971	0.41	0.0
chr1-37861056	0.31	0.058823529411764705
chr1-37861509	0.12	0.08333333333333333
chr1-37861870	0.22	0.6666666666666666
chr1-37861912	0.48	0.0
chr1-45509956	0.39	1.0
chr1-45509998	0.49	0.4
chr1-45694928	0.37	0.0
chr1-45694943	0.12	0.0
chr1-45694953	0.35	0.8333333333333334
chr1-45694954	0.37	0.6666666666666666
chr1-45694997	0.33	0.16666666666666666
chr1-45697311	0.07	0.0
chr1-45697347	0.05	0.2
chr1-45697388	0.32	0.6
chr1-45697389	0.14	0.6
chr1-52373126	0.08	0.3076923076923077
chr1-62162737	0.1	0.36363636363636365
chr1-62162771	0.17	0.0
chr1-62162850	0.39	0.0
chr1-62162857	0.2	0.08333333333333333
chr1-67409006	0.46	0.7
chr1-67409014	0.14	0.4
chr1-67409176	0.22	0.2857142857142857
chr1-70439826	0.29	0.75
chr1-70439832	0.5	0.125
chr1-100024747	0.6	0.5714285714285714
chr1-101075597	0.21	0.125
chr1-101075614	0.14	0.0
chr1-101075616	0.28	0.0
chr1-109063135	0.2	0.48148148148148145
chr1-109063171	0.17	0.6226415094339622
chr1-109063550	0.09	0.0
chr1-109063551	0.06	0.0
chr1-109063570	0.12	0.19230769230769232
chr1-109063610	0.06	0.08
chr1-109063714	0.1	0.7619047619047619
chr1-109064033	0.09	0.06666666666666667
chr1-109064075	0.09	0.3333333333333333
chr1-109064101	0.09	0.13333333333333333
chr1-145745384	0.05	0.14285714285714285
chr1-145745519	0.41	0.25
chr1-145921978	0.23	0.0
chr1-145923098	0.05	0.0
chr1-145923099	0.04	0.0
chr1-146995600	0.17	0.2
chr1-148532141	0.12	0.0
chr1-150308645	0.31	0.2
chr1-150308716	0.24	0.8
chr1-150308756	0.22	0.0
chr1-150309231	0.14	0.0
chr1-150309244	0.46	0.5714285714285714
chr1-150309441	0.24	0.2222222222222222
chr1-150309562	0.31	0.3
chr1-160996562	0.31	0.4222222222222222
chr1-160998026	0.39	0.6666666666666666
chr1-160998043	0.73	0.6470588235294118
chr1-160998065	0.1	0.058823529411764705
chr1-160998066	0.27	0.058823529411764705
chr1-160998067	0.51	0.058823529411764705
chr1-160998100	0.35	0.1875
chr1-168251094	0.11	0.2222222222222222
chr1-168251102	0.2	0.3333333333333333
chr1-168251125	0.05	0.0
chr1-168251169	0.5	0.0
chr1-168251237	0.17	0.18181818181818182
chr1-179074970	0.09	0.0
chr1-179074975	0.29	0.0
chr1-179075040	0.13	0.0
chr1-179075045	0.66	0.4
chr1-179075061	0.13	0.14285714285714285
chr1-204557520	0.15	0.09090909090909091
chr1-204557532	0.32	0.8181818181818182
chr1-204557576	0.24	0.08333333333333333
chr1-220057934	0.17	0.17777777777777778
chr1-220058621	0.15	0.2857142857142857
chr1-220058640	0.09	0.0
chr1-220058646	0.16	0.0
chr1-220058796	0.09	0.07142857142857142
chr1-220058801	0.21	0.8571428571428571
chr1-220058802	0.26	0.7857142857142857
chr1-225786943	0.09	0.5882352941176471
chr1-225786972	0.07	0.0
chr1-225788239	0.15	0.0
chr1-225788244	0.1	0.0
chr1-225788248	0.22	0.5
chr1-225788288	0.15	0.3333333333333333
chr1-225788491	0.48	0.36363636363636365
chr1-225788541	0.83	0.5
chr1-225788542	0.13	0.0
chr1-225788545	0.09	0.5454545454545454
chr1-225788557	0.1	0.0
chr1-225788563	0.1	0.0
chr1-225788581	0.07	0.0
chr10-15108366	0.2	0.2
chr10-72235030	0.08	0.6
chr10-72235194	0.18	0.8333333333333334
chr10-72235263	0.23	0.75
chr10-72235305	0.16	0.75
chr10-72235309	0.35	0.625
chr10-72235331	0.17	0.7
chr10-72235332	0.26	0.8
chr10-72235345	0.1	0.6
chr10-72235380	0.15	0.0
chr10-73248973	0.06	0.2676056338028169
chr10-73249057	0.09	0.3283582089552239
chr10-73249118	0.15	0.25
chr10-73249197	0.56	0.6730769230769231
chr10-73249827	0.15	0.5333333333333333
chr10-73250086	0.2	0.2
chr10-73777891	0.18	0.6666666666666666
chr10-73777939	0.33	0.5714285714285714
chr10-73777960	0.08	0.42857142857142855
chr10-73777964	0.2	0.14285714285714285
chr10-73778138	0.3	0.625
chr10-73778272	0.12	0.6666666666666666
chr10-73778273	0.07	0.5555555555555556
chr10-73778305	0.1	0.0
chr10-73778314	0.03	0.0
chr10-73778343	0.27	0.1
chr10-73778345	0.23	0.1
chr10-75360919	0.13	0.2857142857142857
chr10-86926499	0.56	0.08333333333333333
chr10-87208328	0.31	0.8064516129032258
chr10-87208329	0.18	0.8064516129032258
chr10-87208351	0.25	0.14285714285714285
chr10-87208355	0.19	0.6551724137931034
chr10-87208418	0.24	0.16666666666666666
chr10-87208472	0.11	0.12
chr10-100232524	0.21	0.4864864864864865
chr10-100232550	0.83	0.9714285714285714
chr10-100232551	0.99	0.9166666666666666
chr10-100232557	0.66	0.7297297297297297
chr10-100233026	0.2	0.22727272727272727
chr10-100233036	0.22	0.9090909090909091
chr10-100233053	0.25	0.36363636363636365
chr10-100233141	0.2	0.0
chr10-102476282	0.21	0.8571428571428571
chr10-103448601	0.21	1.0
chr10-103448646	0.22	0.8
chr10-103448671	0.33	0.8
chr10-103448951	0.19	0.0
chr10-119572211	0.19	0.0
chr10-119572272	0.18	0.0
chr10-119572300	0.08	0.125
chr10-119572304	0.15	0.125
chr10-119572344	0.18	0.0
chr10-119572354	0.46	0.42857142857142855
chr10-119572378	0.18	0.5714285714285714
chr10-119572433	0.09	0.3333333333333333
chr10-119572451	0.14	1.0
chr10-119572551	0.41	1.0
chr10-119572555	0.37	0.0
chr10-119572621	0.54	1.0
chr10-119572681	0.26	0.4
chr10-119572720	0.2	0.0
chr10-119572722	0.37	0.0
chr10-119572891	0.8	0.6
chr11-767880	0.07	0.0
chr11-767886	0.11	0.0
chr11-767979	0.44	0.3333333333333333
chr11-768124	0.16	1.0
chr11-8686293	0.33	0.7142857142857143
chr11-8686296	0.11	0.16326530612244897
chr11-8686361	0.16	0.0392156862745098
chr11-8687224	0.07	0.13636363636363635
chr11-8687238	0.27	0.18181818181818182
chr11-8687242	0.06	0.3181818181818182
chr11-8687252	0.24	0.7727272727272727
chr11-8687278	0.88	0.9130434782608695
chr11-8687342	0.11	0.52
chr11-8687344	0.2	0.12
chr11-16756339	0.89	0.5416666666666666
chr11-16756344	0.24	0.04
chr11-16756363	0.37	0.6666666666666666
chr11-16756369	0.12	0.25
chr11-16756370	0.2	0.5416666666666666
chr11-16756399	0.1	0.038461538461538464
chr11-16756409	0.26	0.375
chr11-16756436	0.3	0.16666666666666666
chr11-16756451	0.22	0.38095238095238093
chr11-16756531	0.44	0.3076923076923077
chr11-16756787	0.18	0.972972972972973
chr11-16756788	0.62	0.9459459459459459
chr11-16756797	0.49	0.84375
chr11-17076686	0.18	0.6666666666666666
chr11-62739166	0.24	0.0
chr11-62739205	0.23	0.0
chr11-62739518	0.49	0.16666666666666666
chr11-62739644	0.28	0.0
chr11-62739723	0.11	0.6923076923076923
chr11-62739740	0.09	0.0
chr11-62739762	0.22	0.3333333333333333
chr11-62739768	0.2	0.23076923076923078
chr11-62739839	0.12	0.07692307692307693
chr11-65772932	0.62	0.42857142857142855
chr11-66682839	0.17	0.125
chr11-66682848	0.23	0.5
chr11-66682957	0.16	0.2857142857142857
chr11-68755482	0.15	0.21875
chr11-68755506	0.06	0.1875
chr11-68755870	0.07	0.0
chr11-68755931	0.06	0.10526315789473684
chr11-68755965	0.15	0.0
chr11-68756004	0.58	0.3888888888888889
chr11-68756066	0.25	0.05555555555555555
chr11-72286142	0.21	0.4
chr11-72286143	0.12	0.4
chr11-72289708	0.24	0.75
chr11-72290687	0.08	0.5555555555555556
chr11-72290699	0.08	0.4444444444444444
chr11-77025597	0.12	0.2
chr11-77025668	0.2	0.6
chr11-78068592	0.08	0.0
chr11-78068663	0.41	0.2631578947368421
chr11-78069071	0.39	0.3333333333333333
chr11-93733708	0.23	0.0
chr11-93735605	0.22	0.0
chr11-119016163	0.33	0.2857142857142857
chr11-119016166	0.38	0.14285714285714285
chr11-125656244	0.58	0.7857142857142857
chr12-6885550	0.13	0.0
chr12-27423444	0.44	0.6666666666666666
chr12-27423511	0.11	0.16666666666666666
chr12-27423514	0.39	0.8333333333333334
chr12-27423591	0.25	0.6666666666666666
chr12-27423603	0.12	0.6666666666666666
chr12-43787946	0.19	0.4
chr12-49351648	0.15	0.13333333333333333
chr12-49351717	0.28	0.29411764705882354
chr12-49351779	0.11	0.6666666666666666
chr12-49353391	0.58	0.3
chr12-49353393	0.44	0.5
chr12-49353394	0.33	0.4
chr12-49353484	0.47	0.2727272727272727
chr12-49353562	0.28	0.3333333333333333
chr12-49353567	0.48	0.2727272727272727
chr12-49353568	0.13	0.18181818181818182
chr12-49353574	0.17	0.25
chr12-49353937	0.22	0.0
chr12-49353963	0.16	0.2857142857142857
chr12-49353975	0.19	0.0
chr12-49357026	0.77	0.2
chr12-49357067	0.18	0.0
chr12-49357080	0.25	0.0
chr12-49357085	0.28	0.3333333333333333
chr12-49357106	0.17	0.16666666666666666
chr12-49357109	0.18	0.2
chr12-53296435	0.23	0.11764705882352941
chr12-56730564	0.11	0.2727272727272727
chr12-56730642	0.06	0.2
chr12-56730704	0.17	0.42857142857142855
chr12-64448979	0.03	0.0
chr12-64448989	0.17	0.0
chr12-64448998	0.03	0.0
chr12-64449013	0.1	1.0
chr12-64449075	0.77	0.6
chr12-64449084	0.27	0.4
chr12-64449088	0.09	0.6
chr12-64449140	0.23	0.0
chr12-64450281	0.57	0.6470588235294118
chr12-64450354	0.69	0.6666666666666666
chr12-68843749	0.2	0.38028169014084506
chr12-71703056	0.35	0.3333333333333333
chr12-71703070	0.62	0.7777777777777778
chr12-75496034	0.35	0.029411764705882353
chr12-75496100	0.51	0.6451612903225806
chr12-75496115	0.18	0.3235294117647059
chr12-75496132	0.19	0.6451612903225806
chr12-75496272	0.8	0.5909090909090909
chr12-75496273	0.21	0.18181818181818182
chr12-75496317	0.12	0.13636363636363635
chr12-75496341	0.35	0.0
chr12-93512373	0.31	0.0
chr12-98548917	0.45	0.3333333333333333
chr12-98548920	0.21	0.06666666666666667
chr12-98549108	0.24	0.0
chr12-98549255	0.98	0.9090909090909091
chr12-98549324	0.12	0.2
chr12-98549325	0.21	0.2
chr12-98605335	0.44	0.14285714285714285
chr12-98605608	0.35	0.3333333333333333
chr12-98605709	0.12	0.4
chr12-98605726	0.33	0.6
chr12-98606008	0.45	0.7142857142857143
chr12-98606012	0.24	0.09523809523809523
chr12-98606037	0.3	0.18181818181818182
chr12-98734993	0.15	0.5
chr12-98735014	0.34	0.16666666666666666
chr12-100070349	0.32	0.07692307692307693
chr12-100070427	0.2	0.0
chr12-100070489	0.78	0.2
chr12-100070546	0.16	0.08333333333333333
chr12-100070750	0.4	0.0
chr12-100070775	0.38	0.2
chr12-100070776	0.43	0.0
chr12-100627336	0.11	0.5714285714285714
chr12-100627344	0.31	0.5714285714285714
chr12-100627349	0.03	0.0
chr12-100627354	0.13	0.0
chr12-100627355	0.11	0.0
chr12-100627374	0.23	0.14285714285714285
chr12-100627379	0.12	0.0
chr12-100627416	0.15	0.0
chr12-100627436	0.08	0.14285714285714285
chr12-100627457	0.1	0.0
chr12-100627487	0.16	0.125
chr12-100627498	0.19	0.0
chr12-109733500	0.43	0.2
chr12-109733501	0.57	0.0
chr12-109733568	0.27	0.0
chr12-113391146	0.34	0.0
chr12-116851619	0.47	1.0
chr12-116851629	0.17	0.4
chr12-116851676	0.38	0.0
chr12-116851698	0.5	0.0
chr12-117031499	0.49	0.16666666666666666
chr12-117031512	0.14	0.0
chr12-117031563	0.19	0.0
chr12-117031564	0.14	0.0
chr12-117031593	0.29	0.5
chr12-117031664	0.11	0.16666666666666666
chr12-117031666	0.16	0.0
chr12-120460750	0.62	0.7272727272727273
chr12-120460858	0.1	0.21428571428571427
chr12-120460894	0.14	0.4375
chr12-120461140	0.33	0.0625
chr12-120461175	0.03	0.8
chr12-120461195	0.06	0.15
chr12-120461196	0.23	0.5
chr12-120461272	0.84	0.43478260869565216
chr12-121777058	0.1	0.4444444444444444
chr12-121777249	0.39	0.875
chr12-123661530	0.08	0.13333333333333333
chr12-123661548	0.56	0.4375
chr12-123662050	0.08	0.03125
chr12-125029327	0.08	0.11764705882352941
chr12-132721388	0.15	0.125
chr12-132721509	0.16	0.3939393939393939
chr12-132721535	0.2	0.14285714285714285
chr12-132721668	0.05	0.20454545454545456
chr12-132721753	0.49	0.4666666666666667
chr12-132721754	0.11	0.17777777777777778
chr12-132721763	0.22	0.021739130434782608
chr12-132721837	0.25	0.12244897959183673
chr12-132770042	0.1	0.08333333333333333
chr12-132770150	0.08	0.45454545454545453
chr13-19672219	0.43	0.8571428571428571
chr13-19672262	0.25	0.42857142857142855
chr13-19672935	0.22	0.9090909090909091
chr13-19672976	0.12	0.09090909090909091
chr13-21374431	0.11	0.0
chr13-21374437	0.33	0.0
chr13-21374438	0.36	0.014925373134328358
chr13-21374439	0.16	0.0
chr13-21374516	0.08	0.015625
chr13-21374877	0.05	0.4230769230769231
chr13-21374889	0.1	0.19230769230769232
chr13-21374899	0.16	0.07692307692307693
chr13-21374908	0.27	0.4
chr13-21374916	0.21	0.038461538461538464
chr13-21375022	0.58	0.9583333333333334
chr13-32399996	0.44	0.14285714285714285
chr13-32400038	0.23	0.8571428571428571
chr13-40811434	0.1	0.0
chr13-40811435	0.26	0.0
chr13-49913177	0.37	0.4166666666666667
chr13-49913178	0.12	0.16666666666666666
chr13-49913203	0.25	0.16666666666666666
chr13-49913237	0.1	0.16666666666666666
chr13-49913254	0.26	0.9166666666666666
chr13-49913257	0.24	0.16666666666666666
chr13-49913298	0.26	0.2727272727272727
chr13-49913308	0.95	0.8181818181818182
chr13-49913344	0.61	0.8181818181818182
chr13-49913651	0.36	0.125
chr13-49913661	0.17	0.625
chr13-49913687	0.11	0.6666666666666666
chr13-49913721	0.28	0.3333333333333333
chr13-49913722	0.08	0.0
chr13-49913731	0.17	0.3333333333333333
chr13-49913798	0.16	0.6
chr13-49913805	0.78	0.8
chr13-49913807	0.25	0.0
chr13-49913866	0.15	0.0
chr14-21460342	0.09	0.2857142857142857
chr14-21460419	0.18	0.7333333333333333
chr14-21460499	0.28	0.2
chr14-21460541	0.26	0.7333333333333333
chr14-21460547	0.29	0.14285714285714285
chr14-21460687	0.17	0.0
chr14-21460692	0.46	0.0
chr14-21460751	0.5	0.7777777777777778
chr14-21460752	0.23	0.7777777777777778
chr14-21460839	0.42	0.5555555555555556
chr14-21460840	0.1	0.1111111111111111
chr14-21460885	0.19	0.5555555555555556
chr14-21460886	0.06	0.4444444444444444
chr14-22972186	0.24	0.12195121951219512
chr14-22972907	0.11	0.06521739130434782
chr14-22972913	0.26	0.06521739130434782
chr14-22972932	0.19	0.046511627906976744
chr14-22972940	0.43	0.023255813953488372
chr14-22972941	0.25	0.13953488372093023
chr14-31447576	0.27	0.3333333333333333
chr14-31447577	0.17	0.16666666666666666
chr14-49572089	0.53	1.0
chr14-49572099	0.47	0.0
chr14-50246001	0.29	0.2857142857142857
chr14-50246011	0.18	0.5714285714285714
chr14-50246022	0.14	0.0
chr14-50246023	0.16	0.14285714285714285
chr14-50246060	0.49	0.0
chr14-50246084	0.17	0.2857142857142857
chr14-52775636	0.22	0.1111111111111111
chr14-52775760	0.47	0.5
chr14-52775800	0.08	0.030303030303030304
chr14-52775933	0.18	0.21052631578947367
chr14-52776676	0.78	0.6
chr14-52776688	0.1	0.2
chr14-52776693	0.4	0.2
chr14-52776694	0.22	0.6
chr14-55367492	0.64	0.5714285714285714
chr14-55367498	0.16	0.0
chr14-55367499	0.17	0.0
chr14-55367577	0.22	0.0
chr14-55367578	0.5	0.14285714285714285
chr14-55367644	0.18	0.0
chr14-55367730	0.27	0.4
chr14-61795894	0.69	0.0
chr14-64482218	0.19	0.4
chr14-70367396	0.18	0.5555555555555556
chr14-70367450	0.08	0.1111111111111111
chr14-70367510	0.51	0.8888888888888888
chr14-73885169	0.07	0.7777777777777778
chr14-73885174	0.05	0.0
chr14-74058071	0.24	0.5555555555555556
chr14-74058138	0.28	0.875
chr14-74058241	0.08	0.14285714285714285
chr14-74058244	0.08	0.2857142857142857
chr14-74735829	0.18	0.36363636363636365
chr14-74736153	0.16	0.625
chr14-74736154	0.11	0.6875
chr14-74736297	0.12	0.3333333333333333
chr14-74736353	0.06	0.125
chr14-74736364	0.22	0.030303030303030304
chr14-89795110	0.17	0.0
chr14-89795116	0.44	0.6666666666666666
chr15-34231206	0.15	0.0
chr15-34231213	0.09	0.0
chr15-34231237	0.6	0.0
chr15-34231240	0.08	0.0
chr15-34231250	0.23	0.6666666666666666
chr15-34231279	0.14	0.6666666666666666
chr15-34231280	0.06	0.2222222222222222
chr15-34231315	0.14	0.2222222222222222
chr15-40663201	0.38	0.2
chr15-40663241	0.47	0.2
chr15-40663319	0.13	0.2
chr15-41299144	0.64	0.058823529411764705
chr15-41299219	0.15	0.1111111111111111
chr15-41299220	0.18	0.3333333333333333
chr15-41305379	0.38	0.6666666666666666
chr15-44733504	0.74	0.42857142857142855
chr15-44733569	0.44	0.8333333333333334
chr15-44733570	0.54	0.8571428571428571
chr15-44733579	0.15	0.14285714285714285
chr15-50703527	0.31	0.5
chr15-55317452	0.13	0.8709677419354839
chr15-65149228	0.16	0.17647058823529413
chr15-65149326	0.08	0.13333333333333333
chr15-65149439	0.3	0.6153846153846154
chr15-65149617	0.16	0.0
chr15-65149712	0.11	0.5
chr15-65149760	0.22	0.14285714285714285
chr15-65150188	0.06	0.4
chr15-65150340	0.09	0.0
chr15-66336442	0.14	0.4
chr15-69406613	0.1	0.42857142857142855
chr15-69406660	0.6	0.5
chr15-69406852	0.15	0.0625
chr15-69407201	0.15	0.26666666666666666
chr15-69407266	0.76	0.875
chr15-69407338	0.15	0.16666666666666666
chr15-69407381	0.12	0.1891891891891892
chr15-69407390	0.1	0.15
chr15-69407391	0.25	0.225
chr15-69407403	0.12	0.43902439024390244
chr15-83005358	0.14	0.75
chr15-89897250	0.29	0.16666666666666666
chr15-89897267	0.08	0.0
chr16-4750609	0.32	0.2857142857142857
chr16-9110891	0.16	0.29411764705882354
chr16-9110970	0.14	0.6111111111111112
chr16-10529674	0.1	0.4583333333333333
chr16-10529686	0.19	0.08333333333333333
chr16-10529687	0.14	0.0
chr16-10529709	0.1	0.08695652173913043
chr16-10529714	0.08	0.043478260869565216
chr16-10529720	0.22	0.13043478260869565
chr16-10529765	0.41	1.0
chr16-10529809	0.16	0.5714285714285714
chr16-10529849	0.21	0.2222222222222222
chr16-11834989	0.48	0.5882352941176471
chr16-11835094	0.26	0.26666666666666666
chr16-11835320	0.19	1.0
chr16-11835346	0.25	0.75
chr16-15700685	0.16	0.0
chr16-15701026	0.2	0.2857142857142857
chr16-15701100	0.26	0.0
chr16-15701178	0.37	0.3333333333333333
chr16-15701182	0.43	0.0
chr16-15701187	0.59	0.7
chr16-15728064	0.17	0.2
chr16-15728082	0.15	0.6
chr16-15728108	0.19	1.0
chr16-23465260	0.21	0.6666666666666666
chr16-30536863	0.13	0.16666666666666666
chr16-31090854	0.34	0.45454545454545453
chr16-31090863	0.34	0.046242774566473986
chr16-31123607	0.11	0.16666666666666666
chr16-31123610	0.11	0.16666666666666666
chr16-31123632	0.12	0.3333333333333333
chr16-31123641	0.23	0.2857142857142857
chr16-31123646	0.31	0.14285714285714285
chr16-31123721	0.1	0.0
chr16-31123746	0.11	0.125
chr16-31123774	0.26	0.2222222222222222
chr16-31123786	0.08	0.3333333333333333
chr16-31225752	0.08	0.4
chr16-31225753	0.16	0.1
chr16-31225770	0.06	0.2222222222222222
chr16-31225792	0.11	0.2
chr16-31225883	0.05	0.2
chr16-31225911	0.08	0.0
chr16-48352513	0.26	0.6428571428571429
chr16-48352514	0.18	0.7857142857142857
chr16-48352531	0.13	0.26666666666666666
chr16-48354272	0.11	0.14285714285714285
chr16-48354308	0.14	0.14285714285714285
chr16-48354334	0.36	0.0
chr16-48354337	0.33	0.8571428571428571
chr16-48354347	0.2	0.14285714285714285
chr16-48354349	0.07	0.0
chr16-48354398	0.09	0.42857142857142855
chr16-48354406	0.18	0.14285714285714285
chr16-48354445	0.04	0.0
chr16-48354469	0.16	0.2222222222222222
chr16-48354470	0.08	0.0
chr16-48354471	0.25	0.0
chr16-48354472	0.27	0.1111111111111111
chr16-48354483	0.2	0.125
chr16-50105228	0.18	1.0
chr16-50105269	0.11	0.0
chr16-50105283	0.6	0.2
chr16-50105417	0.57	0.0
chr16-50105572	0.7	0.0
chr16-50105604	0.4	0.25
chr16-50105651	0.12	0.29411764705882354
chr16-50105652	0.14	0.47058823529411764
chr16-50105791	0.27	0.2
chr16-50105805	0.08	0.047619047619047616
chr16-50105833	0.55	0.55
chr16-50105845	0.13	0.2857142857142857
chr16-50105847	0.06	0.0
chr16-50105851	0.44	0.09523809523809523
chr16-69304903	0.06	0.1111111111111111
chr16-69304920	0.09	0.1
chr16-69322883	0.2	0.0
chr16-69322943	0.24	0.0
chr16-69322985	0.36	0.3333333333333333
chr16-69322986	0.27	0.16666666666666666
chr16-69327305	0.3	0.2
chr16-70249757	0.07	0.0
chr16-71641507	0.05	0.0
chr16-80980779	0.21	0.7045454545454546
chr16-81030834	0.24	0.2
chr16-81030835	0.65	1.0
chr16-81030887	0.2	0.25
chr16-81030889	0.07	0.0
chr16-81030902	0.32	0.375
chr16-81030928	0.04	0.6363636363636364
chr16-81030929	0.43	0.6363636363636364
chr16-81030955	0.4	0.5454545454545454
chr16-81030969	0.56	0.7272727272727273
chr16-81030970	0.32	0.5454545454545454
chr16-81031024	0.26	0.07692307692307693
chr16-89563618	0.11	0.5633802816901409
chr17-515324	0.09	0.5714285714285714
chr17-515346	0.1	0.0
chr17-1464990	0.1	0.0
chr17-1464994	0.11	0.0
chr17-5027723	0.27	0.625
chr17-5027724	0.35	0.75
chr17-5027764	0.19	0.0
chr17-5027769	0.2	0.2222222222222222
chr17-5027797	0.38	0.09090909090909091
chr17-5027798	0.38	0.09090909090909091
chr17-5027819	0.08	0.0
chr17-5027822	0.41	0.0
chr17-5027827	0.09	0.0
chr17-8269931	0.07	0.1111111111111111
chr17-16383782	0.13	0.23809523809523808
chr17-16383807	0.35	0.28
chr17-16383808	0.31	0.36
chr17-16383879	0.24	0.07692307692307693
chr17-16383882	0.48	0.7142857142857143
chr17-28722429	0.06	0.16666666666666666
chr17-30958692	0.13	0.14285714285714285
chr17-32328741	0.24	0.2857142857142857
chr17-32328778	0.39	0.7142857142857143
chr17-32328844	0.18	0.0
chr17-32329205	0.35	0.8
chr17-32329446	0.3	0.0
chr17-37477526	0.13	0.0
chr17-37477539	0.07	0.16666666666666666
chr17-37477564	0.04	0.14285714285714285
chr17-37477620	0.07	0.0
chr17-37477647	0.44	1.0
chr17-37477732	0.34	0.625
chr17-37477910	0.41	0.16666666666666666
chr17-37477998	0.36	1.0
chr17-37478007	0.06	0.38461538461538464
chr17-37478011	0.71	0.6153846153846154
chr17-37515634	0.17	0.0
chr17-37515635	0.26	0.0
chr17-37515636	0.15	0.0
chr17-37515637	0.24	0.0
chr17-37515638	0.12	0.0
chr17-37515696	0.4	0.16666666666666666
chr17-44798957	0.21	0.9166666666666666
chr17-44798961	0.32	0.2727272727272727
chr17-44798962	0.08	0.09090909090909091
chr17-44799026	0.25	0.0
chr17-44799343	0.19	1.0
chr17-44799370	0.03	0.8
chr17-48864141	0.22	0.16666666666666666
chr17-48864247	0.08	1.0
chr17-48864253	0.12	0.5714285714285714
chr17-48864316	0.15	0.14285714285714285
chr17-50964331	0.09	0.18181818181818182
chr17-50964408	0.49	0.125
chr17-50964422	0.15	0.6363636363636364
chr17-50964425	0.3	0.45454545454545453
chr17-50964466	0.22	0.3333333333333333
chr17-50964476	0.38	0.7777777777777778
chr17-50964479	0.27	0.1111111111111111
chr17-50964480	0.05	0.1111111111111111
chr17-50964502	0.16	0.6666666666666666
chr17-50964855	0.16	0.0
chr17-59274299	0.21	0.3333333333333333
chr17-59274310	0.15	0.0
chr17-59274334	0.07	0.0
chr17-59274335	0.06	0.0
chr17-59274342	0.12	0.3333333333333333
chr17-59274422	0.09	0.16666666666666666
chr17-59274906	0.06	0.15384615384615385
chr17-59274935	0.59	1.0
chr17-59274946	0.07	0.15384615384615385
chr17-59275007	0.13	0.07692307692307693
chr17-59275022	0.43	0.5384615384615384
chr17-59275025	0.22	0.75
chr17-59275031	0.27	0.38461538461538464
chr17-59275064	0.12	0.5384615384615384
chr17-59275104	0.23	0.06666666666666667
chr17-62451247	0.21	0.0
chr17-62451248	0.3	0.0
chr17-62451286	0.37	0.6
chr17-62451328	0.24	0.4
chr17-62451507	0.22	0.6
chr17-62451508	0.26	0.6
chr17-62451705	0.18	0.6666666666666666
chr17-62451706	0.34	0.8333333333333334
chr17-62451716	0.07	0.6666666666666666
chr17-62451747	0.26	0.3333333333333333
chr17-62451769	0.35	0.6666666666666666
chr17-62451779	0.18	0.2
chr17-67338609	0.09	0.28125
chr17-67338610	0.03	0.09523809523809523
chr17-67338637	0.4	0.015625
chr17-67338686	0.71	0.8852459016393442
chr17-67338740	0.23	0.7377049180327869
chr17-67338751	0.04	0.18333333333333332
chr17-67338814	0.25	0.038461538461538464
chr17-67339204	0.14	0.09523809523809523
chr17-67339236	0.63	0.30434782608695654
chr17-67339276	0.05	0.1
chr17-67339343	0.17	0.05263157894736842
chr17-67339344	0.35	0.3157894736842105
chr17-67339361	0.05	0.0
chr17-75104591	0.25	0.18181818181818182
chr17-75889923	0.09	0.4666666666666667
chr17-75943060	0.15	0.14285714285714285
chr17-75943131	0.21	0.3125
chr17-75943986	0.15	0.6153846153846154
chr17-75943996	0.44	0.7692307692307693
chr17-75944013	0.2	0.15384615384615385
chr17-75944028	0.11	0.23076923076923078
chr17-75944039	0.34	0.23076923076923078
chr17-75944085	0.11	0.0
chr17-75944086	0.17	0.08333333333333333
chr17-75944106	0.73	0.6363636363636364
chr17-75944112	0.72	0.0
chr17-75944122	0.17	0.9090909090909091
chr17-76727468	0.1	0.5
chr17-76779077	0.19	0.14285714285714285
chr17-81637814	0.17	0.7272727272727273
chr17-82489755	0.21	0.0
chr18-23296417	0.19	0.14285714285714285
chr18-32072090	0.17	0.3333333333333333
chr18-32072094	0.35	0.0
chr18-32072156	0.4	0.16666666666666666
chr18-35249532	0.21	0.625
chr18-35249542	0.18	0.25
chr18-36174836	0.1	0.08333333333333333
chr18-36174913	0.12	0.45454545454545453
chr18-36270846	0.71	0.2
chr18-36271104	0.36	0.0
chr18-80158600	0.13	0.0
chr18-80158601	0.31	0.0
chr18-80158668	0.04	0.14285714285714285
chr18-80158699	0.18	0.125
chr18-80159154	0.23	0.875
chr18-80159157	0.2	0.0
chr18-80159158	0.63	0.375
chr18-80159163	0.55	0.25
chr18-80159165	0.22	0.0
chr18-80159193	0.18	1.0
chr18-80159194	0.05	0.42857142857142855
chr18-80159217	0.05	0.125
chr19-1778120	0.31	0.16666666666666666
chr19-1778139	0.59	0.4
chr19-1778155	0.11	0.0
chr19-1778757	0.14	0.0
chr19-3758206	0.1	0.375
chr19-3758296	0.32	0.16666666666666666
chr19-3758397	0.52	1.0
chr19-4654542	0.2	0.2
chr19-9646259	0.08	0.2
chr19-9646264	0.09	0.2
chr19-9646265	0.07	0.0
chr19-9648482	0.06	0.0
chr19-9648584	0.16	0.0
chr19-10930130	0.09	0.15384615384615385
chr19-10933063	0.28	0.0
chr19-10933092	0.17	0.25
chr19-10933125	0.19	0.0
chr19-10933226	0.34	0.2857142857142857
chr19-10933233	0.25	0.5
chr19-10933234	0.31	0.375
chr19-11145996	0.19	0.058823529411764705
chr19-11146013	0.26	0.05555555555555555
chr19-11146049	0.27	0.16666666666666666
chr19-11449945	0.15	0.0
chr19-11449948	0.45	0.25806451612903225
chr19-11449949	0.24	0.03333333333333333
chr19-11450009	0.27	0.16129032258064516
chr19-11450010	0.36	0.13793103448275862
chr19-11450051	0.43	0.36666666666666664
chr19-11450286	0.11	0.1702127659574468
chr19-11450287	0.26	0.6304347826086957
chr19-11450319	0.05	0.04878048780487805
chr19-11450323	0.06	0.05555555555555555
chr19-11450324	0.34	0.0
chr19-11450325	0.2	0.02702702702702703
chr19-11450326	0.12	0.0
chr19-11450327	0.22	0.0
chr19-11450330	0.17	0.4583333333333333
chr19-11450346	0.21	0.2553191489361702
chr19-11450371	0.15	0.019230769230769232
chr19-11450380	0.2	0.019230769230769232
chr19-11450386	0.14	0.0196078431372549
chr19-11450392	0.48	0.32
chr19-11835188	0.38	0.45454545454545453
chr19-12631546	0.13	0.0
chr19-12631612	0.17	0.2
chr19-13773109	0.03	0.2
chr19-13773113	0.11	0.0
chr19-13773170	0.12	0.6
chr19-13773192	0.29	0.6666666666666666
chr19-13773206	0.28	0.3333333333333333
chr19-13773269	0.23	0.0
chr19-13773282	0.29	0.16666666666666666
chr19-13773288	0.18	0.0
chr19-13773376	0.21	0.0
chr19-13773384	0.32	0.25
chr19-13773445	0.33	0.0
chr19-13773605	0.48	0.2
chr19-13773727	0.33	0.46153846153846156
chr19-13773758	0.2	0.46153846153846156
chr19-13773797	0.33	0.5384615384615384
chr19-13773855	0.58	0.15384615384615385
chr19-13773913	0.2	0.058823529411764705
chr19-13773925	0.3	0.42105263157894735
chr19-13773928	0.21	0.10526315789473684
chr19-15837507	0.11	0.18181818181818182
chr19-15838132	0.4	0.15789473684210525
chr19-15838227	0.17	0.0
chr19-16550486	0.38	0.25
chr19-16550487	0.05	0.25
chr19-16550565	0.36	0.75
chr19-16550568	0.32	0.36363636363636365
chr19-16550610	0.4	0.2727272727272727
chr19-16550650	0.18	0.0
chr19-16550675	0.38	0.0
chr19-16550680	0.14	0.9090909090909091
chr19-16551892	0.08	0.7222222222222222
chr19-16551893	0.09	0.5555555555555556
chr19-16552016	0.05	0.4375
chr19-16631220	0.13	0.5238095238095238
chr19-38632191	0.45	0.0
chr19-38868164	0.13	0.13793103448275862
chr19-38868388	0.11	0.15
chr19-38868415	0.38	0.1
chr19-38868430	0.12	0.8
chr19-38868460	0.06	0.1
chr19-39492609	0.07	0.0
chr19-39492611	0.08	0.6
chr19-39492750	0.11	0.8333333333333334
chr19-39492751	0.39	0.8333333333333334
chr19-39492790	0.24	0.0
chr19-39492826	0.3	0.3333333333333333
chr19-39493367	0.24	0.0
chr19-41871486	0.22	0.2
chr19-41871516	0.56	0.0
chr19-41872626	0.15	0.09859154929577464
chr19-41872642	0.37	0.7605633802816901
chr19-41872643	0.27	0.5555555555555556
chr19-41872774	0.42	0.8809523809523809
chr19-41872775	0.71	0.7976190476190477
chr19-41872804	0.14	0.0
chr19-41872816	0.07	0.27380952380952384
chr19-42231627	0.17	0.8
chr19-42231631	0.28	0.2
chr19-42231693	0.18	0.0
chr19-42231698	0.26	0.2
chr19-45703528	0.6	0.5384615384615384
chr19-45703590	0.07	0.29411764705882354
chr19-45703689	0.1	0.21052631578947367
chr19-45703691	0.03	0.5263157894736842
chr19-45703697	0.69	0.9523809523809523
chr19-45703698	0.12	0.9047619047619048
chr19-45703704	0.05	0.05
chr19-45703766	0.16	0.0
chr19-49306054	0.17	0.4444444444444444
chr19-49306055	0.14	0.125
chr19-53411158	0.73	0.2
chr19-53875794	0.07	0.17073170731707318
chr19-55039343	0.21	0.0
chr19-55039426	0.12	0.5
chr19-55039436	0.35	1.0
chr19-55039440	0.17	0.0
chr19-57845888	0.25	0.0
chr19-57845903	0.44	0.0
chr19-57845918	0.22	0.42857142857142855
chr19-57864869	0.13	0.0
chr19-58582631	0.05	0.0
chr19-58584082	0.15	0.4444444444444444
chr19-58584102	0.55	0.4444444444444444
chr19-58584115	0.36	0.2
chr19-58584206	0.08	0.2727272727272727
chr2-3541908	0.12	0.3333333333333333
chr2-3541909	0.07	0.16666666666666666
chr2-3541935	0.06	0.2
chr2-3541961	0.17	0.0
chr2-24000483	0.05	0.2
chr2-24004547	0.11	0.5454545454545454
chr2-32310622	0.25	0.6
chr2-32310623	0.4	0.6
chr2-32310677	0.15	0.0
chr2-32310678	0.24	0.3333333333333333
chr2-32310679	0.51	0.16666666666666666
chr2-32310728	0.16	0.42857142857142855
chr2-32310767	0.45	0.2857142857142857
chr2-32310831	0.07	0.14285714285714285
chr2-32310833	0.1	0.0
chr2-37100519	0.89	0.6363636363636364
chr2-37100527	0.28	0.0
chr2-37100559	0.45	0.0
chr2-37100870	0.21	0.25
chr2-37100932	0.23	0.0
chr2-37202435	0.04	0.0
chr2-37202483	0.15	0.2
chr2-37202484	0.28	0.0
chr2-37202485	0.13	0.2
chr2-37202489	0.08	0.0
chr2-37202492	0.06	0.0
chr2-37202534	0.11	0.16666666666666666
chr2-37202594	0.17	0.5
chr2-37202595	0.1	0.5
chr2-37204461	0.1	0.8043478260869565
chr2-37204538	0.15	0.3111111111111111
chr2-61050190	0.16	0.5714285714285714
chr2-61050249	0.25	0.14285714285714285
chr2-61050255	0.4	0.8571428571428571
chr2-61050265	0.13	0.375
chr2-61050269	0.45	0.625
chr2-61050883	0.24	0.16666666666666666
chr2-69320622	0.22	0.8
chr2-85319334	0.16	0.1111111111111111
chr2-85549498	0.11	0.7142857142857143
chr2-85549499	0.09	0.42857142857142855
chr2-86020426	0.17	0.625
chr2-86020435	0.18	0.0
chr2-86020436	0.24	0.1111111111111111
chr2-86020502	0.17	0.1111111111111111
chr2-99195826	0.12	0.45454545454545453
chr2-99195984	0.43	0.0
chr2-99195987	0.13	0.09090909090909091
chr2-99196001	0.23	0.3333333333333333
chr2-99196002	0.12	0.16666666666666666
chr2-99196345	0.17	0.14285714285714285
chr2-99196352	0.47	0.2857142857142857
chr2-99196354	0.17	0.35
chr2-99196375	0.06	0.14285714285714285
chr2-99196380	0.58	0.8095238095238095
chr2-99196394	0.35	0.5238095238095238
chr2-99196434	0.79	0.8260869565217391
chr2-99196515	0.32	0.0
chr2-99196525	0.19	0.5925925925925926
chr2-99196540	0.14	0.07407407407407407
chr2-99196557	0.17	0.3103448275862069
chr2-99197721	0.1	0.0
chr2-99197741	0.12	0.5714285714285714
chr2-99197774	0.41	0.42857142857142855
chr2-101271398	0.3	0.0
chr2-112576664	0.29	0.5384615384615384
chr2-113205374	0.65	0.9090909090909091
chr2-127843852	0.22	0.19047619047619047
chr2-127843890	0.77	0.5
chr2-128191597	0.22	0.5555555555555556
chr2-128191781	0.1	0.9
chr2-175924750	0.76	0.0
chr2-200909541	0.26	0.5
chr2-200909670	0.84	0.16666666666666666
chr2-206122202	0.35	0.14285714285714285
chr2-206122221	0.15	0.2857142857142857
chr2-206122254	0.15	0.6666666666666666
chr2-206122372	0.1	0.3333333333333333
chr2-206122384	0.3	0.3333333333333333
chr2-206122412	0.19	0.0
chr2-206122417	0.19	0.0
chr2-206122418	0.33	0.0
chr2-207755018	0.45	0.0
chr2-207755405	0.21	0.0
chr2-215943597	0.26	0.34210526315789475
chr2-215943598	0.09	0.15384615384615385
chr2-215943652	0.78	0.8048780487804879
chr2-215943674	0.2	0.675
chr2-215943677	0.33	0.5
chr2-215943719	0.44	0.8378378378378378
chr2-215943729	0.37	0.85
chr2-215944112	0.11	0.07692307692307693
chr2-215944117	0.4	0.8518518518518519
chr2-215944118	0.18	0.6296296296296297
chr2-215944144	0.49	0.5769230769230769
chr2-215944150	0.12	0.0
chr2-215944158	0.05	0.12
chr2-215944183	0.42	0.8181818181818182
chr2-215944184	0.21	0.5
chr2-215944228	0.23	0.0
chr2-215944229	0.14	0.04
chr2-215944251	0.2	0.6521739130434783
chr2-216038775	0.1	0.2
chr2-216501817	0.06	0.2962962962962963
chr2-216501818	0.2	0.37037037037037035
chr2-216501847	0.15	0.625
chr2-216501867	0.22	0.20689655172413793
chr2-216501976	0.22	0.07692307692307693
chr2-216501990	0.78	0.7096774193548387
chr2-216501999	0.22	0.058823529411764705
chr2-216502070	0.07	0.358974358974359
chr2-216502071	0.09	0.6666666666666666
chr2-216502145	0.3	0.046511627906976744
chr2-216502174	0.4	0.02631578947368421
chr2-216502175	0.17	0.05263157894736842
chr2-216502176	0.05	0.02631578947368421
chr2-216502177	0.13	0.025
chr2-216502196	0.26	0.26666666666666666
chr2-216502206	0.34	0.8260869565217391
chr2-216502242	0.11	0.2708333333333333
chr2-223751609	0.17	0.14285714285714285
chr2-223751641	0.17	0.5714285714285714
chr2-223751727	0.21	0.2857142857142857
chr2-223751737	0.3	0.8333333333333334
chr2-223751766	0.09	0.0
chr2-223752931	0.07	0.0
chr2-223753057	0.04	0.0
chr2-223753063	0.12	0.5555555555555556
chr2-223753993	0.16	0.1
chr2-223754008	0.22	0.1
chr2-223754020	0.17	0.4
chr2-223754096	0.27	0.0
chr2-223754129	0.36	0.2
chr2-223755627	0.03	0.16216216216216217
chr2-223755655	0.64	0.59375
chr2-223755663	0.11	0.05555555555555555
chr2-223755669	0.03	0.013888888888888888
chr2-223755695	0.22	0.8421052631578947
chr2-223755698	0.12	0.017241379310344827
chr2-223755707	0.48	0.2413793103448276
chr2-223755708	0.08	0.1206896551724138
chr2-223756094	0.11	0.07692307692307693
chr2-223756095	0.07	0.038461538461538464
chr2-223756172	0.17	0.5454545454545454
chr2-223756188	0.05	0.0
chr2-223756215	0.06	0.09523809523809523
chr2-223756225	0.42	0.8095238095238095
chr2-223756255	0.33	0.05
chr2-223756275	0.08	0.6842105263157895
chr2-223756285	0.12	0.35294117647058826
chr2-223756298	0.15	0.5
chr2-223756311	0.14	0.15384615384615385
chr2-223757354	0.13	0.2
chr2-226784520	0.31	0.5384615384615384
chr2-226784605	0.17	0.07692307692307693
chr2-226784616	0.25	0.5454545454545454
chr2-226784695	0.1	0.9230769230769231
chr20-10056386	0.3	0.0
chr20-18487695	0.17	0.5333333333333333
chr20-18487707	0.14	0.26666666666666666
chr20-18487830	0.1	0.0
chr20-18487867	0.23	0.6923076923076923
chr20-25447867	0.24	0.0
chr20-25447951	0.24	0.07692307692307693
chr20-25447952	0.12	0.07692307692307693
chr20-25448088	0.21	0.29411764705882354
chr20-34273299	0.2	0.2
chr20-34273349	0.38	0.0
chr20-34273413	0.2	0.0
chr20-45078305	0.14	0.75
chr20-45079130	0.37	0.4117647058823529
chr20-45079144	0.1	0.0
chr20-45884502	0.3	0.4666666666666667
chr20-45884824	0.62	0.8
chr20-45884825	0.62	0.8
chr20-45884864	0.18	0.7307692307692307
chr20-45884891	0.32	0.875
chr20-45884892	0.86	0.875
chr20-45884897	0.16	0.2692307692307692
chr20-45884956	0.83	0.75
chr21-33355807	0.1	0.6666666666666666
chr21-36418587	0.29	0.5714285714285714
chr21-36418663	0.13	0.75
chr21-36418684	0.19	0.25
chr21-36418687	0.09	0.375
chr21-36418693	0.15	0.14285714285714285
chr21-36418698	0.15	0.14285714285714285
chr21-36418702	0.2	0.5714285714285714
chr21-36418722	0.25	0.2222222222222222
chr21-36418738	0.17	0.3333333333333333
chr21-42909254	0.2	0.0
chr21-42909268	0.26	0.1
chr21-42909322	0.07	0.2727272727272727
chr21-42909325	0.13	0.7272727272727273
chr21-42909389	0.08	0.18181818181818182
chr21-42911511	0.79	1.0
chr21-42911542	0.2	0.42857142857142855
chr22-20065403	0.17	1.0
chr22-24572606	0.21	0.0
chr22-24572610	0.14	0.0
chr22-24572611	0.14	0.0
chr22-24573660	0.14	0.0
chr22-24573787	0.18	0.0
chr22-24573814	0.3	0.0
chr22-24573832	0.17	0.0
chr22-24573833	0.19	0.0
chr22-24574574	0.32	0.2
chr22-24574608	0.11	0.0625
chr22-24574671	0.49	0.7777777777777778
chr22-24574681	0.17	0.0
chr22-24574703	0.14	0.36363636363636365
chr22-24574707	0.17	0.13636363636363635
chr22-24574742	0.2	0.041666666666666664
chr22-24574752	0.34	0.375
chr22-36487870	0.06	0.125
chr22-36487900	0.15	0.0
chr22-36487907	0.42	0.0
chr22-36487912	0.09	0.14285714285714285
chr22-36487920	0.11	0.7142857142857143
chr22-36487926	0.26	0.625
chr22-36487935	0.29	0.0
chr22-36487944	0.54	0.3333333333333333
chr22-36487948	0.38	0.3333333333333333
chr22-36487970	0.12	0.2857142857142857
chr22-36487992	0.28	0.0
chr22-36488008	0.18	0.0
chr22-36488009	0.31	0.0
chr22-39018767	0.35	0.02564102564102564
chr22-39018907	0.22	0.18604651162790697
chr22-39019900	0.43	0.17796610169491525
chr22-39019905	0.05	0.3025210084033613
chr22-39019906	0.39	0.425
chr22-39053067	0.13	0.07692307692307693
chr22-39053205	0.1	0.3125
chr22-39053230	0.14	0.1111111111111111
chr22-39053535	0.18	0.2222222222222222
chr22-39054361	0.18	0.6
chr22-39055202	0.19	0.625
chr22-40931523	0.5	0.0
chr22-40931532	0.38	0.0
chr22-40931593	0.39	0.2
chr22-40931603	0.16	0.4
chr22-40931607	0.42	1.0
chr22-40931639	0.07	0.0
chr22-41600153	0.16	0.0
chr22-41600157	0.42	0.0
chr22-43951094	0.38	0.0
chr22-43951101	0.94	0.5
chr22-43951102	0.24	0.5
chr22-43951170	0.62	0.0
chr22-43951188	0.59	1.0
chr22-43951189	0.3	0.8333333333333334
chr22-45340841	0.09	0.0
chr22-45340903	0.12	0.5
chr22-45340986	0.09	0.8333333333333334
chr3-10152632	0.23	0.8
chr3-10152689	0.12	0.4
chr3-10152733	0.05	1.0
chr3-10152751	0.16	0.3333333333333333
chr3-10152871	0.24	0.08333333333333333
chr3-10152942	0.1	0.08333333333333333
chr3-10152957	0.16	0.13333333333333333
chr3-10153100	0.09	0.2857142857142857
chr3-10153157	0.1	0.9230769230769231
chr3-10153198	0.12	0.23333333333333334
chr3-10153206	0.07	0.13793103448275862
chr3-10153378	0.18	0.4423076923076923
chr3-10153384	0.05	0.28888888888888886
chr3-10153412	0.19	0.2631578947368421
chr3-14944591	0.06	0.45454545454545453
chr3-14944597	0.47	0.6818181818181818
chr3-14944603	0.19	0.4
chr3-14944604	0.06	0.3
chr3-15410753	0.26	0.8181818181818182
chr3-15410783	0.23	0.1
chr3-15410786	0.23	0.4
chr3-15410787	0.19	0.1
chr3-15411017	0.29	0.875
chr3-15411030	0.67	0.75
chr3-15411031	0.24	0.875
chr3-15411047	0.96	0.5714285714285714
chr3-40466425	0.11	0.3333333333333333
chr3-40466431	0.29	0.16666666666666666
chr3-40466434	0.42	0.2
chr3-40466452	0.23	0.16666666666666666
chr3-44749267	0.25	0.2692307692307692
chr3-44749387	0.19	0.08
chr3-44749905	0.21	0.09090909090909091
chr3-44749906	0.78	0.2727272727272727
chr3-44750061	0.09	0.8
chr3-45680442	0.16	0.7647058823529411
chr3-45680555	0.54	0.05
chr3-45680563	0.35	0.2
chr3-45680795	0.36	0.47368421052631576
chr3-45680808	0.23	0.21052631578947367
chr3-45680849	0.18	0.3157894736842105
chr3-45680904	0.12	0.07142857142857142
chr3-45680931	0.37	0.5609756097560976
chr3-45680942	0.7	0.6666666666666666
chr3-45680999	0.18	0.0
chr3-48749558	0.77	0.2727272727272727
chr3-48749578	0.03	0.18181818181818182
chr3-48749609	0.36	0.4
chr3-48749618	0.14	0.7
chr3-48749619	0.15	0.6
chr3-48749685	0.21	0.6666666666666666
chr3-49360949	0.13	0.0
chr3-49360990	0.05	0.0
chr3-57090608	0.17	0.7777777777777778
chr3-57272806	0.34	0.5833333333333334
chr3-57626465	0.06	0.0
chr3-57626544	0.1	0.7777777777777778
chr3-58318879	0.16	0.7857142857142857
chr3-125773051	0.24	0.42857142857142855
chr3-125773052	0.2	0.2857142857142857
chr3-136331376	0.12	0.0
chr3-141945241	0.14	0.5384615384615384
chr3-141945267	0.15	0.7692307692307693
chr3-141945268	0.14	0.7692307692307693
chr3-141945294	0.16	0.5833333333333334
chr3-141945332	0.67	0.6363636363636364
chr3-141945333	0.23	0.2727272727272727
chr3-155762997	0.06	0.7777777777777778
chr3-155942975	0.5	0.7272727272727273
chr3-155942976	0.79	0.9090909090909091
chr3-155943044	0.29	0.36363636363636365
chr3-155943045	0.35	0.7272727272727273
chr3-155943084	0.54	0.6363636363636364
chr3-155943110	0.81	0.9166666666666666
chr3-155943127	0.14	0.08333333333333333
chr3-155943150	0.2	0.0
chr3-156540416	0.65	0.8481012658227848
chr3-156540497	0.15	0.13157894736842105
chr3-156540506	0.13	0.06493506493506493
chr3-156541551	0.42	0.7647058823529411
chr3-156541552	0.26	0.6764705882352942
chr3-156541574	0.25	0.45454545454545453
chr3-179325122	0.12	0.23529411764705882
chr3-179325235	0.25	0.5625
chr3-197885356	0.09	0.45454545454545453
chr3-197885396	0.42	0.0
chr3-197885425	0.15	0.6666666666666666
chr3-197885499	0.07	0.4375
chr3-197885522	0.27	0.0
chr3-197885531	0.19	0.5333333333333333
chr4-2839669	0.47	0.375
chr4-2839694	0.21	0.25
chr4-2839838	0.22	0.25
chr4-2840132	0.15	0.0
chr4-2840166	0.22	0.18181818181818182
chr4-2938408	0.07	0.8305084745762712
chr4-2938420	0.1	0.1864406779661017
chr4-2938437	0.26	0.43859649122807015
chr4-2938620	0.18	0.0
chr4-2938687	0.15	0.09302325581395349
chr4-17801160	0.13	0.037037037037037035
chr4-17801196	0.18	0.1111111111111111
chr4-17801201	0.24	0.08333333333333333
chr4-17801266	0.6	0.3684210526315789
chr4-17801267	0.24	0.2631578947368421
chr4-17801311	0.14	0.16666666666666666
chr4-17801317	0.11	0.1111111111111111
chr4-17801353	0.18	0.11764705882352941
chr4-17801930	0.17	0.5
chr4-17801936	0.89	0.8888888888888888
chr4-17801939	0.48	0.3333333333333333
chr4-17801945	0.06	0.0
chr4-17802039	0.37	0.0
chr4-17802050	0.19	0.625
chr4-17802058	0.16	0.5
chr4-25279817	0.4	0.5
chr4-25279823	0.33	1.0
chr4-25279824	0.62	1.0
chr4-25279833	0.38	0.16666666666666666
chr4-39548084	0.19	0.0
chr4-52742714	0.12	0.4
chr4-52742751	0.43	0.6
chr4-52742796	0.14	0.2
chr4-52742806	0.65	0.6
chr4-56459965	0.12	0.13636363636363635
chr4-56460125	0.4	0.3793103448275862
chr4-56460709	0.3	0.12571428571428572
chr4-56460892	0.14	0.15137614678899083
chr4-56460921	0.42	0.8744588744588745
chr4-73056876	0.2	0.15384615384615385
chr4-73056903	0.21	0.07692307692307693
chr4-73057026	0.42	0.2857142857142857
chr4-73057182	0.22	0.0
chr4-73057247	0.08	0.2
chr4-73057264	0.34	0.4
chr4-73057380	0.11	0.0
chr4-73057388	0.09	0.0
chr4-139045723	0.2	0.7692307692307693
chr4-139046699	0.22	0.7
chr4-139047312	0.11	0.13793103448275862
chr4-139047339	0.04	0.06896551724137931
chr4-139047343	0.15	0.23076923076923078
chr4-139047352	0.2	0.45161290322580644
chr4-139047378	0.19	0.7333333333333333
chr4-139047379	0.29	0.8666666666666667
chr4-165078928	0.15	1.0
chr4-165078996	0.32	0.0
chr5-34908270	0.14	0.0
chr5-37288949	0.2	0.0
chr5-37288954	0.21	0.0
chr5-37288959	0.16	0.42857142857142855
chr5-37288985	0.24	0.3333333333333333
chr5-37290314	0.2	0.0
chr5-37290391	0.45	0.0
chr5-40825834	0.02	0.17647058823529413
chr5-44816304	0.1	0.6666666666666666
chr5-44816441	0.09	0.0
chr5-44816469	0.17	0.3333333333333333
chr5-44816481	0.17	0.6666666666666666
chr5-78359569	0.35	0.1111111111111111
chr5-80627583	0.07	0.07142857142857142
chr5-80627611	0.65	1.0
chr5-80628007	0.45	0.6
chr5-115829935	0.21	0.2037037037037037
chr5-126626483	0.26	1.0
chr5-126626528	0.09	0.6666666666666666
chr5-132645967	0.38	0.7142857142857143
chr5-132694168	0.17	0.16666666666666666
chr5-134900819	0.27	0.125
chr5-134900927	0.25	0.0
chr5-134900971	0.13	0.6923076923076923
chr5-134901050	0.17	0.16666666666666666
chr5-134901062	0.32	0.5384615384615384
chr5-139284528	0.27	0.1875
chr5-139284535	0.53	0.11764705882352941
chr5-139284536	0.79	0.6470588235294118
chr5-139284540	0.3	0.5
chr5-151271889	0.18	0.7142857142857143
chr5-151271956	0.1	0.42857142857142855
chr5-175529082	0.07	0.6666666666666666
chr5-180835080	0.68	0.5714285714285714
chr5-180835373	0.24	0.06666666666666667
chr6-13787968	0.08	0.5
chr6-13788021	0.14	0.7142857142857143
chr6-13788060	0.05	0.0
chr6-13788062	0.12	0.0
chr6-13788065	0.07	0.0
chr6-13788110	0.07	0.14285714285714285
chr6-13788129	0.05	0.0
chr6-13788155	0.09	0.5
chr6-25988595	0.3	0.2
chr6-25988633	0.13	0.3333333333333333
chr6-25988635	0.09	0.16666666666666666
chr6-25988712	0.16	0.25
chr6-26096323	0.19	0.4
chr6-26096395	0.14	0.6
chr6-26096396	0.33	0.8
chr6-26096408	0.22	0.4
chr6-31673002	0.07	0.0
chr6-31673080	0.08	1.0
chr6-31673145	0.12	0.8333333333333334
chr6-31765030	0.67	0.0
chr6-31765071	0.13	0.6666666666666666
chr6-42080539	0.09	0.0
chr6-42080576	0.11	0.125
chr6-42886873	0.04	0.7777777777777778
chr6-42887368	0.05	0.10714285714285714
chr6-42887436	0.06	0.6551724137931034
chr6-42887444	0.09	0.03333333333333333
chr6-42888216	0.21	0.4
chr6-42888418	0.03	0.0
chr6-42889167	0.15	0.06756756756756757
chr6-42889179	0.74	0.72
chr6-42889285	0.11	0.10843373493975904
chr6-42889293	0.36	0.6428571428571429
chr6-42942480	0.6	0.4
chr6-42942481	0.7	1.0
chr6-42943175	0.12	0.0
chr6-43029649	0.2	0.0
chr6-43030364	0.28	0.36363636363636365
chr6-43030369	0.14	0.0
chr6-43030389	0.11	0.2727272727272727
chr6-43030404	0.26	0.0
chr6-43030405	0.26	0.0
chr6-43030406	0.17	0.0
chr6-43030409	0.18	0.09090909090909091
chr6-43030457	0.31	0.9166666666666666
chr6-43030712	0.1	0.047619047619047616
chr6-43030818	0.09	0.18181818181818182
chr6-43618682	0.13	0.0
chr6-43618710	0.09	0.2
chr6-43618711	0.2	0.2
chr6-43618731	0.15	0.4
chr6-43618735	0.06	0.0
chr6-43618760	0.26	1.0
chr6-70589188	0.12	0.15384615384615385
chr6-70589226	0.61	0.6875
chr6-70589265	0.5	0.625
chr6-70589349	0.12	0.0
chr6-70589350	0.09	0.06666666666666667
chr6-70589351	0.12	0.0
chr6-70589356	0.35	0.3125
chr6-73594290	0.28	0.7317073170731707
chr6-75919034	0.08	0.3333333333333333
chr6-87514055	0.08	0.0
chr6-87514199	0.4	0.8333333333333334
chr6-89634503	0.46	0.5
chr6-109463083	0.17	0.3125
chr6-109463124	0.24	0.5333333333333333
chr6-109463257	0.14	0.5714285714285714
chr6-110898075	0.29	0.4
chr6-149724611	0.04	0.08695652173913043
chr6-149724612	0.14	0.043478260869565216
chr6-149724613	0.08	0.041666666666666664
chr6-149724614	0.1	0.0
chr6-149724619	0.42	0.16
chr6-149724620	0.16	0.08
chr6-149724652	0.59	0.7083333333333334
chr6-149724682	0.29	0.4
chr6-149724712	0.51	0.7619047619047619
chr6-149724716	0.04	0.045454545454545456
chr6-149724721	0.38	1.0
chr6-149724722	0.32	0.8636363636363636
chr6-149724748	0.19	0.14285714285714285
chr6-149724784	0.11	0.10526315789473684
chr6-149724792	0.42	0.7142857142857143
chr6-149724793	0.14	0.3333333333333333
chr6-149725213	0.16	0.18181818181818182
chr6-149725279	0.15	0.2222222222222222
chr6-149725296	0.34	0.7272727272727273
chr6-149725348	0.09	0.1111111111111111
chr6-149725349	0.23	0.2222222222222222
chr6-149725359	0.23	0.2222222222222222
chr6-149725426	0.11	0.4444444444444444
chr6-149725465	0.28	0.125
chr6-149725467	0.36	0.5
chr6-149725477	0.24	0.875
chr6-149725502	0.36	0.0
chr6-149725506	0.2	0.25
chr6-149725507	0.32	0.25
chr6-149725537	0.78	0.8571428571428571
chr6-149725550	0.46	0.0
chr6-158765285	0.25	0.2
chr6-158765330	0.2	0.0
chr6-158765334	0.62	1.0
chr6-158973379	0.26	0.1724137931034483
chr6-158973387	0.1	0.21428571428571427
chr6-158973456	0.19	0.0
chr6-158973457	0.22	0.037037037037037035
chr6-158973458	0.31	0.2222222222222222
chr6-158973483	0.6	0.0
chr6-158974286	0.51	0.0
chr6-158974288	0.16	0.16666666666666666
chr6-158974327	0.38	0.0
chr6-158974328	0.54	0.0
chr6-158974333	0.74	0.0
chr6-159679850	0.16	0.19444444444444445
chr6-159679878	0.09	0.05714285714285714
chr7-4770280	0.1	0.75
chr7-4770285	0.05	0.0
chr7-5476999	0.55	0.6
chr7-17344890	0.05	0.0
chr7-17344903	0.05	0.5
chr7-38723466	0.39	0.0
chr7-38723468	0.19	0.7142857142857143
chr7-38723474	0.87	0.8125
chr7-38723551	0.7	0.625
chr7-38723600	0.4	0.26666666666666666
chr7-38723602	0.74	0.6666666666666666
chr7-38723612	0.63	0.8
chr7-38723641	0.16	0.6666666666666666
chr7-38723682	0.29	0.0
chr7-44578744	0.05	0.275
chr7-44578754	0.09	0.7948717948717948
chr7-44801920	0.16	0.13793103448275862
chr7-44802329	0.25	0.08108108108108109
chr7-44832701	0.49	0.0
chr7-44832820	0.68	0.16666666666666666
chr7-44832826	0.06	0.2
chr7-44832838	0.19	0.5
chr7-56010605	0.42	0.7272727272727273
chr7-56010611	0.13	0.13636363636363635
chr7-56010631	0.21	0.05555555555555555
chr7-56010639	0.24	0.0
chr7-56010644	0.15	0.0
chr7-56010646	0.13	0.3
chr7-56010649	0.41	0.55
chr7-56010668	0.06	0.0
chr7-56011381	0.06	0.24489795918367346
chr7-66153292	0.06	0.0
chr7-66153318	0.14	0.42857142857142855
chr7-66153319	0.08	0.42857142857142855
chr7-66153799	0.13	0.2857142857142857
chr7-66153993	0.1	0.3125
chr7-66154250	0.36	0.11428571428571428
chr7-66154256	0.14	0.29411764705882354
chr7-66154305	0.4	0.8157894736842105
chr7-66740097	0.07	0.35714285714285715
chr7-74231817	0.08	0.7454545454545455
chr7-92200453	0.14	0.25
chr7-97923022	0.38	0.4
chr7-101311198	0.13	0.7368421052631579
chr7-101311877	0.39	0.375
chr7-101311887	0.19	1.0
chr7-102637153	0.06	0.06451612903225806
chr7-102637231	0.18	0.896551724137931
chr7-102637314	0.06	0.4642857142857143
chr7-128457792	0.18	0.30434782608695654
chr7-128502689	0.16	0.2727272727272727
chr7-128502779	0.51	0.8333333333333334
chr7-128502787	0.2	0.3333333333333333
chr7-128503212	0.09	0.5
chr7-128503568	0.38	0.8888888888888888
chr7-128503878	0.05	0.9090909090909091
chr7-128504406	0.54	0.6
chr7-128504409	0.24	0.16666666666666666
chr7-128504414	0.46	0.2857142857142857
chr7-128504417	0.1	0.7142857142857143
chr7-128504453	0.16	0.5714285714285714
chr7-128504479	0.18	0.14285714285714285
chr7-128504482	0.27	1.0
chr7-128504492	0.52	0.0
chr7-128504706	0.09	0.2857142857142857
chr7-128504837	0.09	0.4166666666666667
chr7-128504870	0.17	0.07692307692307693
chr7-128504879	0.04	0.3076923076923077
chr7-128504912	0.13	0.07692307692307693
chr7-128504913	0.23	0.38461538461538464
chr7-128504922	0.09	0.23076923076923078
chr7-128504923	0.16	0.3076923076923077
chr7-128504976	0.25	0.6428571428571429
chr7-128504986	0.13	0.07692307692307693
chr7-128504993	0.08	0.14285714285714285
chr7-128505029	0.34	0.6428571428571429
chr7-156972683	0.09	1.0
chr7-156972771	0.26	0.16666666666666666
chr8-6643339	0.08	0.14285714285714285
chr8-6643351	0.12	0.14285714285714285
chr8-6643358	0.14	0.5714285714285714
chr8-6644036	0.25	0.0
chr8-6644098	0.23	0.42857142857142855
chr8-6644099	0.11	0.14285714285714285
chr8-6644143	0.15	0.36363636363636365
chr8-6644159	0.11	0.0
chr8-6644171	0.24	0.6
chr8-11842722	0.12	0.4791666666666667
chr8-11842752	0.11	0.0
chr8-11842775	0.08	0.5434782608695652
chr8-11842796	0.09	0.13636363636363635
chr8-11842904	0.07	0.15384615384615385
chr8-11843077	0.12	0.47619047619047616
chr8-11843087	0.07	0.8181818181818182
chr8-11843128	0.07	0.1
chr8-11843167	0.48	0.25
chr8-11843168	0.27	0.55
chr8-11843176	0.47	0.25
chr8-11843228	0.13	0.058823529411764705
chr8-23187530	0.08	0.03333333333333333
chr8-23187531	0.1	0.06666666666666667
chr8-23187591	0.08	0.2413793103448276
chr8-23188321	0.1	0.3333333333333333
chr8-23188340	0.21	0.13333333333333333
chr8-23188392	0.12	0.21428571428571427
chr8-23188434	0.19	0.0
chr8-23188444	0.4	0.16666666666666666
chr8-23188454	0.15	0.0
chr8-23188522	0.15	0.0
chr8-23188566	0.19	0.0
chr8-23188571	0.87	0.2727272727272727
chr8-23188575	0.21	0.09090909090909091
chr8-23188579	0.42	0.0
chr8-23188610	0.13	0.09090909090909091
chr8-23188638	0.86	0.0
chr8-23188641	0.24	0.0
chr8-23188804	0.17	0.0
chr8-23188805	0.12	0.1111111111111111
chr8-23188806	0.5	0.1111111111111111
chr8-23188810	0.23	0.0
chr8-23189005	0.11	0.0
chr8-30678389	0.09	0.012048192771084338
chr8-30678463	0.32	0.3233082706766917
chr8-30678499	0.13	0.18548387096774194
chr8-30679066	0.1	0.6530612244897959
chr8-30679086	0.37	0.11627906976744186
chr8-30679089	0.18	0.17777777777777778
chr8-38264245	0.13	0.16666666666666666
chr8-38973038	0.2	0.42857142857142855
chr8-38973067	0.05	0.125
chr8-43130031	0.11	0.08695652173913043
chr8-47977549	0.28	0.02702702702702703
chr8-94792377	0.57	0.75
chr8-94792387	0.12	0.6666666666666666
chr8-94792393	0.15	0.46153846153846156
chr8-94792457	0.13	0.15384615384615385
chr8-94792470	0.05	0.23076923076923078
chr8-94792491	0.13	0.25
chr8-94792679	0.18	0.3333333333333333
chr8-94792699	0.12	0.21428571428571427
chr8-94792735	0.68	0.8125
chr8-94792741	0.28	0.1875
chr8-94792745	0.28	0.375
chr8-94792810	0.28	0.0
chr8-94792842	0.12	0.0
chr8-95245627	0.67	0.6
chr8-95245639	0.84	0.2
chr8-95245657	0.12	0.0
chr8-95245695	0.48	0.6
chr8-97729189	0.25	0.35714285714285715
chr8-98043209	0.34	0.0
chr8-98043264	0.24	0.875
chr8-98043683	0.5	0.8
chr8-98043686	0.74	0.4
chr8-143655408	0.13	0.2
chr8-143655546	0.19	0.2
chr8-144974357	0.7	0.4166666666666667
chr8-144974885	0.19	0.25
chr8-144974939	0.16	0.0
chr9-15460611	0.06	0.6
chr9-33042260	0.44	0.0
chr9-33042269	0.57	0.0
chr9-33042282	0.27	0.0
chr9-33042311	0.31	0.14285714285714285
chr9-33042315	0.62	0.0
chr9-33042318	0.38	0.0
chr9-33042332	0.45	0.0
chr9-33042347	0.19	0.0
chr9-34682068	0.37	0.6
chr9-34682087	0.46	0.4
chr9-34682105	0.15	0.0
chr9-36215080	0.42	0.4090909090909091
chr9-36215243	0.62	0.5945945945945946
chr9-36215244	0.32	0.3783783783783784
chr9-36215249	0.57	0.08108108108108109
chr9-36215301	0.92	0.8064516129032258
chr9-92079181	0.28	0.0
chr9-92079204	0.14	0.4444444444444444
chr9-92079213	0.64	1.0
chr9-92079214	0.33	0.8
chr9-92079240	0.09	0.4
chr9-92079367	0.39	0.4
chr9-112684279	0.09	0.25
chr9-112684353	0.23	0.14285714285714285
chr9-112684431	0.24	0.0
chr9-112684441	0.43	0.6
chr9-112684445	0.33	0.2
chr9-112684467	0.15	0.6
chr9-113292133	0.06	0.0
chr9-113293540	0.3	0.2
chr9-113293657	0.1	0.4
chr9-113293707	0.14	0.4
chr9-120801537	0.08	0.0
chr9-120801660	0.21	0.0
chr9-120801665	0.2	0.0
chr9-122817175	0.23	0.8
chr9-122817283	0.12	0.0
chr9-122817578	0.35	0.0
chr9-122817712	0.2	0.6
chr9-122817720	0.18	0.0
chr9-128305442	0.36	0.2857142857142857
chr9-128305472	0.61	0.8888888888888888
chr9-128305476	0.33	0.1111111111111111
chr9-128305553	0.38	0.7142857142857143
chr9-129504148	0.08	0.0
chr9-129504210	0.1	0.07692307692307693
chr9-129504303	0.25	0.5384615384615384
chr9-129504387	0.42	0.13333333333333333
chr9-129506080	0.2	0.2857142857142857
chr9-129506552	0.11	0.07692307692307693
chr9-129506577	0.05	0.14285714285714285
chr9-129506614	0.06	0.3181818181818182
chr9-129506626	0.09	0.7272727272727273
chr9-129506681	0.25	0.36
chr9-129506718	0.35	0.39285714285714285
chr9-129506758	0.09	0.1
chr9-130704446	0.06	0.28
chrX-23701671	0.44	0.6
chrX-49069496	0.04	0.625
chrX-54564833	0.13	0.14285714285714285
chrX-54564834	0.42	0.2857142857142857
chrX-54564838	0.05	0.14285714285714285
chrX-54564863	0.19	0.14285714285714285
chrX-54564864	0.11	0.2857142857142857
chrX-54564944	0.08	0.1111111111111111
chrX-54564971	0.28	0.18181818181818182
chrX-73999051	0.18	0.16666666666666666
chrX-74197207	0.29	0.16666666666666666
chrX-74197245	0.21	0.16666666666666666
chrX-77827510	0.24	0.4666666666666667
chrX-77827624	0.15	0.08333333333333333
chrX-77828156	0.05	0.125
chrX-77828176	0.11	0.0
chrX-77828226	0.11	0.0
chrX-77828331	0.21	0.6
chrX-77828382	0.24	0.0
chrX-85091871	0.5	0.0
chrX-85091937	0.3	0.0
chrX-85091953	0.54	0.0
chrX-85091976	0.15	0.0
chrX-119538499	0.05	0.0
chrX-119538506	0.14	0.09090909090909091
chrX-119538530	0.06	0.2
chrX-119538562	0.28	0.9090909090909091
chrX-119538598	0.13	0.7272727272727273
chrX-119538610	0.08	0.09090909090909091
chrX-119538614	0.16	0.18181818181818182
chrX-119538678	0.14	0.0
chrX-119538708	0.73	0.9090909090909091
chrX-119538709	0.76	0.9090909090909091
chrX-119539275	0.48	0.5
chrX-119539287	0.47	0.14285714285714285
chrX-119539288	0.07	0.0
chrX-119539306	0.08	0.42857142857142855
chrX-119539365	0.37	0.8571428571428571
chrX-119539368	0.19	0.42857142857142855
chrX-119539409	0.05	0.2857142857142857
chrX-119539445	0.09	0.2857142857142857
chrX-119539448	0.24	0.42857142857142855
chrX-119539449	0.25	0.2857142857142857
chrX-119539474	0.06	0.3333333333333333
chrX-119539524	0.31	0.0
